56,United Status,San Francisco,415Mission St,Maxine Mule,CA,94105
57,United Status,San Francisco,123 High St,Maximilian Mule,CA,94105
60,United States,San Francisco,415 Mission St,Maxine Mule,CA,94105
61,US,Sanfransico,415 Mission street,Maxi,Ca,94105
62,United States,San Francisco,415 Mission St,Maxine Mule,CA,94105
63,United States,Sanfransico,415 Mission street,MaxiM,Ca,94105
64,United States,San Francisco,415 Mission St,Maxine Mule,CA,94105
65,United States,San Francisco,415 Mission St,Stephen,CA,94105
66,United States,Sanfransico,415 Mission street,MaxiMule,Ca,94105
67,United States,San Francisco,415 Mission St,Stephen,CA,94105
68,United States,Sanfransico,415 Mission street,MaxiMule,Ca,94105
74,test country,test city,test street,Anoop,test state,94105
76,TestCountry,TestCity,Test Street,TestName,Test State,94105
77,ind,test ,123,MRAUF,raj,94105
78,India,udaipur,pkm,Yash,raj,94105
80,India,Udaipur,testStreet,Jayesh Kugsiya,Rajasthan,94105
82,ind,test ,123,MRAUF,raj,94105
83,India,Udaipur,testStreet,Jayesh Kugsiya,Rajasthan,94105
84,India,Udaipur,testStreet,Jayesh Kugsiya,Rajasthan,94105
85,India,Parsad,Parsad,Jayesh,Rajasthan,94105
89,sdsads,sdasd,sdsdsd,Anoop K,sdas,94105
90,sacdsvdcv,hvdcihbc,8484,cysc,dwescsa,94105
91,asia,asia,asia,hi,aisa,94105
92,Australia,Udaipur,India,Jayesh Kugsiya,Rajasthan,94105
